{
    "application": {
        "id": "",
        "title": "maz_renfe.preferencias_internas.preferencias_internas",
        "description": "Creación Formularios - Preferencias Internas",
        "type": "SAP_UI5_Component",
        "componentUrl": "/",
        "appUrl": "#preferencias_internas-Display",
        "navigationComponentName": "maz_renfe.preferencias_internas",
        "intentSemanticObject": "preferencias_internas",
        "intentAction": "Display",
        "html5ApplicationName": "preferenciasinternas",
        "HCPParentApplicationName": ""
    },
    "assignment": {
        "groups": [
            "3f29bb6a-42cd-4832-8e33-2f1b97bfe75e-1647594510430"
        ],
        "contentPackages": [
            "d4832b3b-f3f6-4d9f-9ab5-dc4a1a3af2c1-1672737176406"
        ],
        "categories": []
    },
    "tile": {
        "type": "StaticTile",
        "title": "Creacion Formularios",
        "subtitle": "Convocatorias Internas Organizacion",
        "searchKeywords": "Creacion Formularios,Convocatorias Internas Organizacion",
        "displayIconUrl": "sap-icon://approvals",
        "displayInfoText": "",
        "size": "1x1",
        "serviceURL": "",
        "refreshInterval": ""
    }
}