<core:FragmentDefinition xmlns:core="sap.ui.core" xmlns="sap.m">
	<TableSelectDialog multiSelect="true" contentWidth="25px" id="myDialog" noDataText="No se encuentra la preferencia" title="Seleccione Preferencia" search=".onSearch"
		confirm=".confirm" cancel=".onValueHelpDialogClose" items="{ path : 'jsonPREF>/' }">
		<ColumnListItem>
			<cells>
				<Text text="{jsonPREF>PLAZA}"/>
			</cells>
		</ColumnListItem>
		<columns>
			<Column width="15px">
				<header>
					<Text text="Plaza"/>
				</header>
			</Column>
		</columns>
	</TableSelectDialog>
</core:FragmentDefinition>