<edmx:Edmx xmlns:edmx="http://schemas.microsoft.com/ado/2007/06/edmx" xmlns:atom="http://www.w3.org/2005/Atom" Version="1.0">
	<edmx:DataServices xmlns:m="http://schemas.microsoft.com/ado/2007/08/dataservices/metadata" m:DataServiceVersion="2.0">
		<Schema xmlns="http://schemas.microsoft.com/ado/2008/09/edm" xmlns:sf="http://www.successfactors.com/edm/sf"
			xmlns:sap="http://www.successfactors.com/edm/sap" Namespace="SFODataSet">
			<EntityContainer Name="EntityContainer" m:IsDefaultEntityContainer="true">
				<EntitySet Name="JobRequisition" EntityType="SFOData.JobRequisition" sap:label="JobRequisition" sap:creatable="true" sap:updatable="true"
					sap:upsertable="true" sap:deletable="true">
					<Documentation>
						<Summary>Job Requisition</Summary>
						<LongDescription>The job requisition entity contains core requisition data consisting of system, standard and custom fields. The metadata
							will show the standard and custom fields configured in all the active templates. If a field (standard or custom) is not configured in any of
							the active template, then it will not show up in the metadata and not be a part of OData query</LongDescription>
						<sap:tagcollection>
							<sap:tag>Recruiting (RCM)</sap:tag>
							<sap:tag>RCM - Job Requisition</sap:tag>
							<sap:tag>Recommended</sap:tag>
						</sap:tagcollection>
					</Documentation>
				</EntitySet>
			</EntityContainer>
		</Schema>
		<Schema xmlns="http://schemas.microsoft.com/ado/2008/09/edm" xmlns:sf="http://www.successfactors.com/edm/sf"
			xmlns:sap="http://www.successfactors.com/edm/sap" Namespace="SFOData">
			<EntityType Name="JobRequisition">
				<Key><PropertyRef Name="jobReqId"/></Key><Property Name="FinResolucionDate" Type="Edm.DateTimeOffset" Nullable="true" sap:required="false" sap:creatable="true" sap:updatable="true"
					sap:upsertable="true" sap:visible="true" sap:sortable="false" sap:filterable="false"
					sap:field-control="jobReqPermissionsNav/FinResolucionDate" sap:label="Fecha fin reclamación resolución"/><Property Name="InicioResolucionDate" Type="Edm.DateTimeOffset" Nullable="true" sap:required="false" sap:creatable="true"
					sap:updatable="true" sap:upsertable="true" sap:visible="true" sap:sortable="false" sap:filterable="false"
					sap:field-control="jobReqPermissionsNav/InicioResolucionDate" sap:label="Fecha inicio reclamación resolución"/><Property Name="MovilidadDate" Type="Edm.DateTimeOffset" Nullable="true" sap:required="false" sap:creatable="true" sap:updatable="true"
					sap:upsertable="true" sap:visible="true" sap:sortable="false" sap:filterable="false" sap:field-control="jobReqPermissionsNav/MovilidadDate"
					sap:label="Fecha Comprometida movilidad"/><Property Name="ReclamacionDate" Type="Edm.DateTimeOffset" Nullable="true" sap:required="false" sap:creatable="true" sap:updatable="true"
					sap:upsertable="true" sap:visible="true" sap:sortable="false" sap:filterable="false"
					sap:field-control="jobReqPermissionsNav/ReclamacionDate" sap:label="Fecha inicio de reclamación a listas"/><Property Name="ReclamacionFinDate" Type="Edm.DateTimeOffset" Nullable="true" sap:required="false" sap:creatable="true" sap:updatable="true"
					sap:upsertable="true" sap:visible="true" sap:sortable="true" sap:filterable="true"
					sap:field-control="jobReqPermissionsNav/ReclamacionFinDate" sap:label="Fecha fin reclamacion a listas"/><Property Name="SAP_REF" Type="Edm.String" Nullable="true" sap:required="true" sap:creatable="true" sap:updatable="true"
					sap:upsertable="true" sap:visible="true" sap:sortable="false" sap:filterable="false" sap:field-control="jobReqPermissionsNav/SAP_REF"
					sap:label="SAP Reference Number"/><Property Name="age" Type="Edm.Int64" Nullable="false" sap:required="false" sap:creatable="false" sap:updatable="false"
					sap:upsertable="false" sap:visible="true" sap:sortable="false" sap:filterable="false" sap:label="Age"/><Property Name="appTemplateId" Type="Edm.Int64" Nullable="false" sap:required="true" sap:creatable="true" sap:updatable="true"
					sap:upsertable="true" sap:visible="true" sap:sortable="true" sap:filterable="true" sap:label="Application Template Id"/><Property Name="assessRatingScaleName" Type="Edm.String" Nullable="false" sap:required="false" sap:creatable="false" sap:updatable="false"
					sap:upsertable="false" sap:visible="true" sap:sortable="false" sap:filterable="false" sap:label="Assess Rating Scale Name"/><Property Name="candidateProgress" Type="Edm.Int64" Nullable="false" sap:required="false" sap:creatable="false" sap:updatable="false"
					sap:upsertable="false" sap:visible="true" sap:sortable="true" sap:filterable="true" sap:label="Candidate Progress Status"/><Property Name="closedDateTime" Type="Edm.DateTimeOffset" Nullable="false" sap:required="false" sap:creatable="false" sap:updatable="false"
					sap:upsertable="false" sap:visible="true" sap:sortable="true" sap:filterable="true" sap:label="Date Closed"/><Property Name="corporatePosting" Type="Edm.Boolean" Nullable="true" sap:required="false" sap:creatable="true" sap:updatable="true"
					sap:upsertable="true" sap:visible="true" sap:sortable="false" sap:filterable="false"
					sap:field-control="jobReqPermissionsNav/corporatePosting" sap:label="Corporate Posting"/><Property Name="corteAlem" Type="Edm.Decimal" Nullable="true" sap:required="false" sap:creatable="true" sap:updatable="true"
					sap:upsertable="true" sap:visible="true" sap:sortable="false" sap:filterable="false" sap:field-control="jobReqPermissionsNav/corteAlem"
					sap:label="Nota corte Alemán"/><Property Name="corteCribaCV" Type="Edm.Decimal" Nullable="true" sap:required="false" sap:creatable="true" sap:updatable="true"
					sap:upsertable="true" sap:visible="true" sap:sortable="false" sap:filterable="false" sap:field-control="jobReqPermissionsNav/corteCribaCV"
					sap:label="Nota corte valoración CV"/><Property Name="corteMeritos" Type="Edm.Decimal" Nullable="true" sap:required="false" sap:creatable="true" sap:updatable="true"
					sap:upsertable="true" sap:visible="true" sap:sortable="false" sap:filterable="false" sap:field-control="jobReqPermissionsNav/corteMeritos"
					sap:label="Nota corte Méritos"/><Property Name="corteOtro" Type="Edm.Decimal" Nullable="true" sap:required="false" sap:creatable="true" sap:updatable="true"
					sap:upsertable="true" sap:visible="true" sap:sortable="false" sap:filterable="false" sap:field-control="jobReqPermissionsNav/corteOtro"
					sap:label="Nota corte Otro idioma"/><Property Name="cortePractica" Type="Edm.Decimal" Nullable="true" sap:required="false" sap:creatable="true" sap:updatable="true"
					sap:upsertable="true" sap:visible="true" sap:sortable="false" sap:filterable="false" sap:field-control="jobReqPermissionsNav/cortePractica"
					sap:label="Nota corte Prueba de conocimiento Práctica"/><Property Name="cortePsico" Type="Edm.Decimal" Nullable="true" sap:required="false" sap:creatable="true" sap:updatable="true"
					sap:upsertable="true" sap:visible="true" sap:sortable="false" sap:filterable="false" sap:field-control="jobReqPermissionsNav/cortePsico"
					sap:label="Nota corte Prueba de conocimiento Psicotécnica,Nota corte Prueba Psicotécnica"/><Property Name="corteTeorica" Type="Edm.Decimal" Nullable="true" sap:required="false" sap:creatable="true" sap:updatable="true"
					sap:upsertable="true" sap:visible="true" sap:sortable="false" sap:filterable="false" sap:field-control="jobReqPermissionsNav/corteTeorica"
					sap:label="Nota corte Prueba de conocimiento teórica"/><Property Name="cortefran" Type="Edm.Decimal" Nullable="true" sap:required="false" sap:creatable="true" sap:updatable="true"
					sap:upsertable="true" sap:visible="true" sap:sortable="false" sap:filterable="false" sap:field-control="jobReqPermissionsNav/cortefran"
					sap:label="Nota corte Francés"/><Property Name="corteing" Type="Edm.Decimal" Nullable="true" sap:required="false" sap:creatable="true" sap:updatable="true"
					sap:upsertable="true" sap:visible="true" sap:sortable="false" sap:filterable="false" sap:field-control="jobReqPermissionsNav/corteing"
					sap:label="Nota corte Inglés"/><Property Name="cortepuntTotal" Type="Edm.Decimal" Nullable="true" sap:required="false" sap:creatable="true" sap:updatable="true"
					sap:upsertable="true" sap:visible="true" sap:sortable="false" sap:filterable="false" sap:field-control="jobReqPermissionsNav/cortepuntTotal"
					sap:label="Nota corte Puntuación total"/><Property Name="country" Type="Edm.String" Nullable="true" sap:required="true" sap:creatable="true" sap:updatable="true"
					sap:upsertable="true" sap:visible="true" sap:sortable="false" sap:filterable="false" sap:field-control="jobReqPermissionsNav/country"
					sap:label="Country"/><Property Name="createdDateTime" Type="Edm.DateTimeOffset" Nullable="false" sap:required="false" sap:creatable="false" sap:updatable="false"
					sap:upsertable="false" sap:visible="true" sap:sortable="false" sap:filterable="false" sap:label="Date Created"/><Property Name="cusDatosPublicacion" Type="Edm.String" Nullable="true" sap:required="false" sap:creatable="true" sap:updatable="true"
					sap:upsertable="true" sap:visible="true" sap:sortable="false" sap:filterable="false"
					sap:field-control="jobReqPermissionsNav/cusDatosPublicacion" sap:label="Datos de publicación"/><Property Name="cusInstrCompetencies" Type="Edm.String" Nullable="true" sap:required="false" sap:creatable="true" sap:updatable="true"
					sap:upsertable="true" sap:visible="true" sap:sortable="false" sap:filterable="false"
					sap:field-control="jobReqPermissionsNav/cusInstrCompetencies" sap:label="Competencias"/><Property Name="cusInstrDocuInfo" Type="Edm.String" Nullable="true" sap:required="false" sap:creatable="true" sap:updatable="true"
					sap:upsertable="true" sap:visible="true" sap:sortable="false" sap:filterable="false"
					sap:field-control="jobReqPermissionsNav/cusInstrDocuInfo" sap:label="REQUISITION DOCUMENTATION"/><Property Name="cusInstrFinancialFields" Type="Edm.String" Nullable="true" sap:required="false" sap:creatable="true" sap:updatable="true"
					sap:upsertable="true" sap:visible="true" sap:sortable="false" sap:filterable="false"
					sap:field-control="jobReqPermissionsNav/cusInstrFinancialFields" sap:label="Financial Fields,Financial Information"/><Property Name="cusInstrInternalComments" Type="Edm.String" Nullable="true" sap:required="false" sap:creatable="true" sap:updatable="true"
					sap:upsertable="true" sap:visible="true" sap:sortable="false" sap:filterable="false"
					sap:field-control="jobReqPermissionsNav/cusInstrInternalComments" sap:label="Internal Information"/><Property Name="cusInstrPublicacion" Type="Edm.String" Nullable="true" sap:required="false" sap:creatable="true" sap:updatable="true"
					sap:upsertable="true" sap:visible="true" sap:sortable="false" sap:filterable="false"
					sap:field-control="jobReqPermissionsNav/cusInstrPublicacion" sap:label="Fechas Publicación"/><Property Name="cusInstrReclLista" Type="Edm.String" Nullable="true" sap:required="false" sap:creatable="true" sap:updatable="true"
					sap:upsertable="true" sap:visible="true" sap:sortable="false" sap:filterable="false"
					sap:field-control="jobReqPermissionsNav/cusInstrReclLista" sap:label="Fechas Reclamación listas"/><Property Name="cusInstrReclResolucion" Type="Edm.String" Nullable="true" sap:required="false" sap:creatable="true" sap:updatable="true"
					sap:upsertable="true" sap:visible="true" sap:sortable="false" sap:filterable="false"
					sap:field-control="jobReqPermissionsNav/cusInstrReclResolucion" sap:label="Fechas Reclamación Resolución"/><Property Name="cusInstrReqInfo" Type="Edm.String" Nullable="true" sap:required="false" sap:creatable="true" sap:updatable="true"
					sap:upsertable="true" sap:visible="true" sap:sortable="false" sap:filterable="false"
					sap:field-control="jobReqPermissionsNav/cusInstrReqInfo" sap:label="REQUISITION INFORMATION,REQUISTION INFORMATION"/><Property Name="cusIntrLocation" Type="Edm.String" Nullable="true" sap:required="false" sap:creatable="true" sap:updatable="true"
					sap:upsertable="true" sap:visible="true" sap:sortable="false" sap:filterable="false"
					sap:field-control="jobReqPermissionsNav/cusIntrLocation" sap:label="Location Information"/><Property Name="custDenominacion" Type="Edm.String" Nullable="true" sap:required="true" sap:creatable="true" sap:updatable="true"
					sap:upsertable="true" sap:visible="true" sap:sortable="false" sap:filterable="false"
					sap:field-control="jobReqPermissionsNav/custDenominacion" sap:label="Denomination"/><Property Name="custEmisora" Type="Edm.String" Nullable="true" sap:required="false" sap:creatable="true" sap:updatable="true"
					sap:upsertable="true" sap:visible="true" sap:sortable="false" sap:filterable="false" sap:field-control="jobReqPermissionsNav/custEmisora"
					sap:label="Issuing"/><Property Name="custExenciones" Type="Edm.Boolean" Nullable="true" sap:required="false" sap:creatable="true" sap:updatable="true"
					sap:upsertable="true" sap:visible="true" sap:sortable="false" sap:filterable="false" sap:field-control="jobReqPermissionsNav/custExenciones"
					sap:label="Allows exemptions"/><Property Name="custFechaEdad" Type="Edm.DateTimeOffset" Nullable="true" sap:required="false" sap:creatable="true" sap:updatable="true"
					sap:upsertable="true" sap:visible="true" sap:sortable="false" sap:filterable="false" sap:field-control="jobReqPermissionsNav/custFechaEdad"
					sap:label="Fecha para edad minima convocatoria"/><Property Name="custFechaFinPago" Type="Edm.DateTimeOffset" Nullable="true" sap:required="false" sap:creatable="true" sap:updatable="true"
					sap:upsertable="true" sap:visible="true" sap:sortable="false" sap:filterable="false"
					sap:field-control="jobReqPermissionsNav/custFechaFinPago" sap:label="Fee payment end date"/><Property Name="custFechaReferencia" Type="Edm.String" Nullable="true" sap:required="false" sap:creatable="true" sap:updatable="true"
					sap:upsertable="true" sap:visible="true" sap:sortable="true" sap:filterable="true"
					sap:field-control="jobReqPermissionsNav/custFechaReferencia" sap:label="Fecha Referencia"/><Property Name="custFechaSub" Type="Edm.DateTimeOffset" Nullable="true" sap:required="false" sap:creatable="true" sap:updatable="true"
					sap:upsertable="true" sap:visible="true" sap:sortable="false" sap:filterable="false" sap:field-control="jobReqPermissionsNav/custFechaSub"
					sap:label="End date for payment correction"/><Property Name="custFormationEnrollment" Type="Edm.String" Nullable="true" sap:required="false" sap:creatable="true" sap:updatable="true"
					sap:upsertable="true" sap:visible="true" sap:sortable="true" sap:filterable="true"
					sap:field-control="jobReqPermissionsNav/custFormationEnrollment" sap:label="Openings Formation Center"/><Property Name="custInstNotas" Type="Edm.String" Nullable="true" sap:required="false" sap:creatable="true" sap:updatable="true"
					sap:upsertable="true" sap:visible="true" sap:sortable="false" sap:filterable="false" sap:field-control="jobReqPermissionsNav/custInstNotas"
					sap:label="Notas de Corte"/><Property Name="custInstrJobPago" Type="Edm.String" Nullable="true" sap:required="false" sap:creatable="true" sap:updatable="true"
					sap:upsertable="true" sap:visible="true" sap:sortable="false" sap:filterable="false"
					sap:field-control="jobReqPermissionsNav/custInstrJobPago" sap:label="Solo si se trata de una convocatoria con pago de tasas"/><Property Name="custInstrJobPosting" Type="Edm.String" Nullable="true" sap:required="false" sap:creatable="true" sap:updatable="true"
					sap:upsertable="true" sap:visible="true" sap:sortable="false" sap:filterable="false"
					sap:field-control="jobReqPermissionsNav/custInstrJobPosting" sap:label="Posting Information"/><Property Name="custInstrTeamDetails" Type="Edm.String" Nullable="true" sap:required="false" sap:creatable="true" sap:updatable="true"
					sap:upsertable="true" sap:visible="true" sap:sortable="false" sap:filterable="false"
					sap:field-control="jobReqPermissionsNav/custInstrTeamDetails" sap:label="Hiring Team Information"/><Property Name="custLocation" Type="Edm.String" Nullable="true" sap:required="false" sap:creatable="true" sap:updatable="true"
					sap:upsertable="true" sap:visible="true" sap:sortable="true" sap:filterable="true" sap:field-control="jobReqPermissionsNav/custLocation"
					sap:label="Location,Location (Organization Chart)"/><Property Name="custReferenceNumber" Type="Edm.String" Nullable="false" sap:required="true" sap:creatable="true" sap:updatable="true"
					sap:upsertable="true" sap:visible="true" sap:sortable="true" sap:filterable="true"
					sap:field-control="jobReqPermissionsNav/custReferenceNumber" sap:label="Reference Number"/><Property Name="custResidence" Type="Edm.String" Nullable="true" sap:required="false" sap:creatable="true" sap:updatable="true"
					sap:upsertable="true" sap:visible="true" sap:sortable="false" sap:filterable="false" sap:field-control="jobReqPermissionsNav/custResidence"
					sap:label="Residence"/><Property Name="custSufijo" Type="Edm.String" Nullable="true" sap:required="false" sap:creatable="true" sap:updatable="true"
					sap:upsertable="true" sap:visible="true" sap:sortable="false" sap:filterable="false" sap:field-control="jobReqPermissionsNav/custSufijo"
					sap:label="Suffix"/><Property Name="custTasa" Type="Edm.Decimal" Nullable="true" sap:required="false" sap:creatable="true" sap:updatable="true"
					sap:upsertable="true" sap:visible="true" sap:sortable="false" sap:filterable="false" sap:field-control="jobReqPermissionsNav/custTasa"
					sap:label="Fee"/><Property Name="cust_NumeroOrden" Type="Edm.String" Nullable="true" sap:required="false" sap:creatable="true" sap:updatable="true"
					sap:upsertable="true" sap:visible="true" sap:sortable="false" sap:filterable="false"
					sap:field-control="jobReqPermissionsNav/cust_NumeroOrden" sap:label="Número de Orden"/><Property Name="custbonificacion" Type="Edm.Boolean" Nullable="true" sap:required="false" sap:creatable="true" sap:updatable="true"
					sap:upsertable="true" sap:visible="true" sap:sortable="false" sap:filterable="false"
					sap:field-control="jobReqPermissionsNav/custbonificacion" sap:label="Allows bonus"/><Property Name="customComments" Type="Edm.String" Nullable="true" sap:required="false" sap:creatable="true" sap:updatable="true"
					sap:upsertable="true" sap:visible="true" sap:sortable="true" sap:filterable="true" sap:field-control="jobReqPermissionsNav/customComments"
					sap:label="Comments"/><Property Name="customRoles" Type="Edm.String" Nullable="true" sap:required="false" sap:creatable="true" sap:updatable="true"
					sap:upsertable="true" sap:visible="true" sap:sortable="false" sap:filterable="false" sap:field-control="jobReqPermissionsNav/customRoles"
					sap:label="Roles de seguridad"/><Property Name="custpercent" Type="Edm.Decimal" Nullable="true" sap:required="false" sap:creatable="true" sap:updatable="true"
					sap:upsertable="true" sap:visible="true" sap:sortable="false" sap:filterable="false" sap:field-control="jobReqPermissionsNav/custpercent"
					sap:label="Large family percentage"/><Property Name="custposicionsuperior" Type="Edm.String" Nullable="true" sap:required="false" sap:creatable="true" sap:updatable="true"
					sap:upsertable="true" sap:visible="true" sap:sortable="false" sap:filterable="false"
					sap:field-control="jobReqPermissionsNav/custposicionsuperior" sap:label="Puesto superior"/><Property Name="defaultLanguage" Type="Edm.String" Nullable="true" sap:required="false" sap:creatable="true" sap:updatable="true"
					sap:upsertable="true" sap:visible="true" sap:sortable="true" sap:filterable="true" sap:field-control="jobReqPermissionsNav/defaultLanguage"
					sap:label="Default Language"/><Property Name="deleted" Type="Edm.String" Nullable="false" sap:required="false" sap:creatable="true" sap:updatable="true"
					sap:upsertable="true" sap:visible="true" sap:sortable="true" sap:filterable="true" sap:label="Is Deleted"/><Property Name="division" Type="Edm.String" Nullable="true" sap:required="true" sap:creatable="true" sap:updatable="true"
					sap:upsertable="true" sap:visible="true" sap:sortable="false" sap:filterable="false" sap:field-control="jobReqPermissionsNav/division"
					sap:label="Job Division"/><Property Name="evergreen" Type="Edm.Boolean" Nullable="false" sap:required="false" sap:creatable="true" sap:updatable="true"
					sap:upsertable="true" sap:visible="true" sap:sortable="true" sap:filterable="true" sap:field-control="jobReqPermissionsNav/evergreen"
					sap:label="Evergreen"/><Property Name="formDataId" Type="Edm.Int64" Nullable="false" sap:required="false" sap:creatable="false" sap:updatable="false"
					sap:upsertable="false" sap:visible="true" sap:sortable="true" sap:filterable="true" sap:label="Form Data Id"/><Property Name="formDueDate" Type="Edm.DateTimeOffset" Nullable="true" sap:required="false" sap:creatable="true" sap:updatable="true"
					sap:upsertable="true" sap:visible="true" sap:sortable="true" sap:filterable="true" sap:label="Form Due Date"/><Property Name="hiringManagerNote" Type="Edm.String" Nullable="true" sap:required="false" sap:creatable="true" sap:updatable="true"
					sap:upsertable="true" sap:visible="true" sap:sortable="false" sap:filterable="false"
					sap:field-control="jobReqPermissionsNav/hiringManagerNote" sap:label="Hiring Manager Note"/><Property Name="instrQuestions" Type="Edm.String" Nullable="true" sap:required="false" sap:creatable="true" sap:updatable="true"
					sap:upsertable="true" sap:visible="true" sap:sortable="false" sap:filterable="false" sap:field-control="jobReqPermissionsNav/instrQuestions"
					sap:label=" Required: If this box is checked the candidate must answer the question before they are allowed to submit a job application. Disqualifier: If this box is checked and the candidate answers the question incorrectly, the program will disqualify them from the job requisition. They will appear on the candidate list but they will be highlighted in pink. If you select the disqualifier option, make sure to enter the CORRECT answer in the answer key link which follows the question (e.g. Do you have a license? Multiple Choice), otherwise you may disqualify the wrong candidates. If you need an answer scale that is not present, go to My Library sub-tab at the top of the page and create a new scale. Score: If you want to rank your candidates based on how they answer the question, check this box. The questions with this checked will be used to determine the candidate’s overall score, which can be used to sort the candidates in the candidate listing page. Note: this must be used in conjunction with the &quot;weight&quot; box. Weight: Weight is used to specify the relative importance of each question. This must be used when the &quot;score&quot; field is checked. If multiple fields are selected to be scored, then you can signify that certain questions are more important than others by allocating points between all the questions you would like to score. For example, if one question is rated 10 and another 90, the second question valued as nine times more important. Range of values between 0 and 100 Required Score: Required score is used to establish a combined minimum threshold once you have scored and weighted each question., Required: If this box is checked the candidate must answer the question before they are allowed to submit a job application. Disqualifier: If this box is checked and the candidate answers the question incorrectly, the program will disqualify them from the job requisition. They will appear on the candidate list but they will be highlighted in pink. If you select the disqualifier option, make sure to enter the CORRECT answer in the answer key link which follows the question (e.g. Do you have a license? Multiple Choice), otherwise you may disqualify the wrong candidates. If you need an answer scale that is not present, go to My Library sub-tab at the top of the page and create a new scale. Score: If you want to rank your candidates based on how they answer the question, check this box. The questions with this checked will be used to determine the candidate’s overall score, which can be used to sort the candidates in the candidate listing page. Note: this must be used in conjunction with the &quot;weight&quot; box. Weight: Weight is used to specify the relative importance of each question. This must be used when the &quot;score&quot; field is checked. If multiple fields are selected to be scored, then you can signify that certain questions are more important than others by allocating points between all the questions you would like to score. For example, if one question is rated 10 and another 90, the second question valued as nine times more important. Range of values between 0 and 100 Required Score: Required score is used to establish a combined minimum threshold once you have scored and weighted each question., Required: If this box is checked the candidate must answer the question before they are allowed to submit a job application. Disqualifier: If this box is checked and the candidate answers the question incorrectly, the program will disqualify them from the job requisition. They will appear on the candidate list but they will be highlighted in pink. If you select the disqualifier option, make sure to enter the CORRECT answer in the answer key link which follows the question (e.g. Do you have a license? Multiple Choice), otherwise you may disqualify the wrong candidates. If you need an answer scale that is not present, go to My Library sub-tab at the top of the page and create a new scale. Score: If you want to rank your candidates based on how they answer the question, check this box. The questions with this checked will be used to determine the candidate’s overall score, which can be used to sort the candidates in the candidate listing page. Note: this must be used in conjunction with the &quot;weight&quot; box. Weight: Weight is used to specify the relative importance of each question. This must be used when the &quot;score&quot; field is checked. If multiple fields are selected to be scored, then you can signify that certain questions are more important than others by allocating points between all the questions you would like to score. For example, if one question is rated 10 and another 90, the second question valued as nine times more important. Range of values between 0 and 100 Required Score: Required score is used to establish a combined minimum threshold once you have scored and weighted each question., Required: If this box is checked the candidate must answer the question before they are allowed to submit a job application. Disqualifier: If this box is checked and the candidate answers the question incorrectly, the program will disqualify them from the job requisition. They will appear on the candidate list but they will be highlighted in pink. If you select the disqualifier option, make sure to enter the CORRECT answer in the answer key link which follows the question (e.g. Do you have a license? Multiple Choice), otherwise you may disqualify the wrong candidates. If you need an answer scale that is not present, go to My Library sub-tab at the top of the page and create a new scale. Score: If you want to rank your candidates based on how they answer the question, check this box. The questions with this checked will be used to determine the candidate’s overall score, which can be used to sort the candidates in the candidate listing page. Note: this must be used in conjunction with the &quot;weight&quot; box. Weight: Weight is used to specify the relative importance of each question. This must be used when the &quot;score&quot; field is checked. If multiple fields are selected to be scored, then you can signify that certain questions are more important than others by allocating points between all the questions you would like to score. For example, if one question is rated 10 and another 90, the second question valued as nine times more important. Required Score: Required score is used to establish a combined minimum threshold once you have scored and weighted each question., Required: If this box is checked the candidate must answer the question before they are allowed to submit a job application. Disqualifier: If this box is checked and the candidate answers the question incorrectly, the program will disqualify them from the job requisition. They will appear on the candidate list but they will be highlighted in pink. If you select the disqualifier option, make sure to enter the CORRECT answer in the answer key link which follows the question (e.g. Do you have a license? Multiple Choice), otherwise you may disqualify the wrong candidates. If you need an answer scale that is not present, go to My Library sub-tab at the top of the page and create a new scale. Score: If you want to rank your candidates based on how they answer the question, check this box. The questions with this checked will be used to determine the candidate’s overall score, which can be used to sort the candidates in the candidate listing page. Note: this must be used in conjunction with the &quot;weight&quot; box. Weight: Weight is used to specify the relative importance of each question. This is used when the &quot;score&quot; field is checked. If multiple fields are selected to be scored, then you can signify that certain questions are more important than others by allocating points between all the questions you would like to score. For example, if one question is rated 10 and another 90, the second question valued as nine times more important. Required Score: Required score is used to establish a combined minimum threshold once you have scored and weighted each question."/><Property Name="internalStatus" Type="Edm.String" Nullable="false" sap:required="false" sap:creatable="true" sap:updatable="true"
					sap:upsertable="true" sap:visible="true" sap:sortable="true" sap:filterable="true" sap:label="Internal Status"/><Property Name="intranetPosting" Type="Edm.Boolean" Nullable="true" sap:required="false" sap:creatable="true" sap:updatable="true"
					sap:upsertable="true" sap:visible="true" sap:sortable="false" sap:filterable="false"
					sap:field-control="jobReqPermissionsNav/intranetPosting" sap:label="Intranet Posting"/><Property Name="isDraft" Type="Edm.Boolean" Nullable="true" sap:required="false" sap:creatable="true" sap:updatable="true"
					sap:upsertable="true" sap:visible="true" sap:sortable="false" sap:filterable="false" sap:label="isDraft"/><Property Name="jobCode" Type="Edm.String" Nullable="true" sap:required="false" sap:creatable="true" sap:updatable="true"
					sap:upsertable="true" sap:visible="true" sap:sortable="true" sap:filterable="true" sap:field-control="jobReqPermissionsNav/jobCode"
					sap:label="Job Code"/><Property Name="jobReqGUId" Type="Edm.String" Nullable="false" sap:required="false" sap:creatable="false" sap:updatable="false"
					sap:upsertable="false" sap:visible="true" sap:sortable="true" sap:filterable="true" sap:label="Job Requisition GU Id"/><Property Name="jobReqId" Type="Edm.Int64" Nullable="false" sap:required="false" sap:creatable="false" sap:updatable="true"
					sap:upsertable="true" sap:visible="true" sap:sortable="true" sap:filterable="true" sap:label="Job Requisition Id"/><Property Name="jobRole" Type="Edm.String" Nullable="true" sap:required="false" sap:creatable="true" sap:updatable="true"
					sap:upsertable="true" sap:visible="true" sap:sortable="false" sap:filterable="false" sap:field-control="jobReqPermissionsNav/jobRole"
					sap:label="Job Role"/><Property Name="jobStartDate" Type="Edm.DateTimeOffset" Nullable="true" sap:required="true" sap:creatable="true" sap:updatable="true"
					sap:upsertable="true" sap:visible="true" sap:sortable="true" sap:filterable="true" sap:field-control="jobReqPermissionsNav/jobStartDate"
					sap:label="Job Start Date Time"/><Property Name="lastModifiedBy" Type="Edm.String" Nullable="false" sap:required="false" sap:creatable="false" sap:updatable="false"
					sap:upsertable="false" sap:visible="true" sap:sortable="false" sap:filterable="false" sap:label="Last Modified By"/><Property Name="lastModifiedDateTime" Type="Edm.DateTimeOffset" Nullable="false" sap:required="false" sap:creatable="false"
					sap:updatable="false" sap:upsertable="false" sap:visible="true" sap:sortable="true" sap:filterable="true" sap:label="Last Modified Date"/><Property Name="lastModifiedProxyUserId" Type="Edm.String" Nullable="false" sap:required="false" sap:creatable="false" sap:updatable="false"
					sap:upsertable="false" sap:visible="true" sap:sortable="true" sap:filterable="true" sap:label="Last Modified Proxy User Id"/><Property Name="location" Type="Edm.String" Nullable="true" sap:required="false" sap:creatable="true" sap:updatable="true"
					sap:upsertable="true" sap:visible="true" sap:sortable="false" sap:filterable="false" sap:field-control="jobReqPermissionsNav/location"
					sap:label="Job Location"/><Property Name="numberOpenings" Type="Edm.Decimal" Nullable="true" sap:required="true" sap:creatable="true" sap:updatable="true"
					sap:upsertable="true" sap:visible="true" sap:sortable="false" sap:filterable="false" sap:field-control="jobReqPermissionsNav/numberOpenings"
					sap:label="Number of Opening"/><Property Name="numberOpeningsAmpliation" Type="Edm.Decimal" Nullable="true" sap:required="false" sap:creatable="true" sap:updatable="true"
					sap:upsertable="true" sap:visible="true" sap:sortable="false" sap:filterable="false"
					sap:field-control="jobReqPermissionsNav/numberOpeningsAmpliation" sap:label="Number of Openings Ampliation,Number of Openings"/><Property Name="numberOpeningsInitial" Type="Edm.Decimal" Nullable="true" sap:required="false" sap:creatable="true" sap:updatable="true"
					sap:upsertable="true" sap:visible="true" sap:sortable="false" sap:filterable="false"
					sap:field-control="jobReqPermissionsNav/numberOpeningsInitial" sap:label="Number of Openings Initial,Number of Openings"/><Property Name="openingsFilled" Type="Edm.Int64" Nullable="true" sap:required="false" sap:creatable="true" sap:updatable="true"
					sap:upsertable="true" sap:visible="true" sap:sortable="false" sap:filterable="false" sap:label="Openings Filled"/><Property Name="overallScaleName" Type="Edm.String" Nullable="false" sap:required="false" sap:creatable="false" sap:updatable="false"
					sap:upsertable="false" sap:visible="true" sap:sortable="false" sap:filterable="false" sap:label="Overall Scale Name"/><Property Name="parentJobReqId" Type="Edm.Int64" Nullable="true" sap:required="false" sap:creatable="true" sap:updatable="true"
					sap:upsertable="true" sap:visible="true" sap:sortable="true" sap:filterable="true" sap:label="Parent Job Req Id"/><Property Name="positionNumber" Type="Edm.String" Nullable="false" sap:required="false" sap:creatable="true" sap:updatable="true"
					sap:upsertable="true" sap:visible="true" sap:sortable="true" sap:filterable="true" sap:field-control="jobReqPermissionsNav/positionNumber"
					sap:label="Position Number"/><Property Name="postingEndDate" Type="Edm.DateTimeOffset" Nullable="true" sap:required="false" sap:creatable="true" sap:updatable="true"
					sap:upsertable="true" sap:visible="true" sap:sortable="false" sap:filterable="false" sap:field-control="jobReqPermissionsNav/postingEndDate"
					sap:label="Fecha Fin publicación"/><Property Name="postingStartDate" Type="Edm.DateTimeOffset" Nullable="true" sap:required="false" sap:creatable="true" sap:updatable="true"
					sap:upsertable="true" sap:visible="true" sap:sortable="false" sap:filterable="false"
					sap:field-control="jobReqPermissionsNav/postingStartDate" sap:label="Fecha publicación"/><Property Name="postingStartTime" Type="Edm.Decimal" Nullable="true" sap:required="false" sap:creatable="true" sap:updatable="true"
					sap:upsertable="true" sap:visible="true" sap:sortable="false" sap:filterable="false"
					sap:field-control="jobReqPermissionsNav/postingStartTime" sap:label="Hora publicación"/><Property Name="quickApply" Type="Edm.Boolean" Nullable="true" sap:required="false" sap:creatable="true" sap:updatable="true"
					sap:upsertable="true" sap:visible="true" sap:sortable="false" sap:filterable="true" sap:field-control="jobReqPermissionsNav/quickApply"
					sap:label="Quick Apply"/><Property Name="ratedApplicantCount" Type="Edm.Int64" Nullable="false" sap:required="false" sap:creatable="false" sap:updatable="false"
					sap:upsertable="false" sap:visible="true" sap:sortable="true" sap:filterable="true" sap:label="Rated Applicant Count"/><Property Name="replforwhom" Type="Edm.String" Nullable="true" sap:required="false" sap:creatable="true" sap:updatable="true"
					sap:upsertable="true" sap:visible="true" sap:sortable="false" sap:filterable="false" sap:field-control="jobReqPermissionsNav/replforwhom"
					sap:label="Replacement for whom"/><Property Name="restorecoordinatorTeamAdminDefaults" Type="Edm.Boolean" Nullable="true" sap:required="false" sap:creatable="true"
					sap:updatable="true" sap:upsertable="true" sap:visible="false" sap:sortable="false" sap:filterable="false"
					sap:field-control="jobReqPermissionsNav/restorecoordinatorTeamAdminDefaults" sap:label="RestorecoordinatorTeamAdminDefaults"/><Property Name="restorerecruiterTeamAdminDefaults" Type="Edm.Boolean" Nullable="true" sap:required="false" sap:creatable="true"
					sap:updatable="true" sap:upsertable="true" sap:visible="false" sap:sortable="false" sap:filterable="false"
					sap:field-control="jobReqPermissionsNav/restorerecruiterTeamAdminDefaults" sap:label="RestorerecruiterTeamAdminDefaults"/><Property Name="restoresecondRecruiterTeamAdminDefaults" Type="Edm.Boolean" Nullable="true" sap:required="false" sap:creatable="true"
					sap:updatable="true" sap:upsertable="true" sap:visible="false" sap:sortable="false" sap:filterable="false"
					sap:field-control="jobReqPermissionsNav/restoresecondRecruiterTeamAdminDefaults" sap:label="RestoresecondRecruiterTeamAdminDefaults"/><Property Name="restoresourcerTeamAdminDefaults" Type="Edm.Boolean" Nullable="true" sap:required="false" sap:creatable="true"
					sap:updatable="true" sap:upsertable="true" sap:visible="false" sap:sortable="false" sap:filterable="false"
					sap:field-control="jobReqPermissionsNav/restoresourcerTeamAdminDefaults" sap:label="RestoresourcerTeamAdminDefaults"/><Property Name="restorevpOfStaffingTeamAdminDefaults" Type="Edm.Boolean" Nullable="true" sap:required="false" sap:creatable="true"
					sap:updatable="true" sap:upsertable="true" sap:visible="false" sap:sortable="false" sap:filterable="false"
					sap:field-control="jobReqPermissionsNav/restorevpOfStaffingTeamAdminDefaults" sap:label="RestorevpOfStaffingTeamAdminDefaults"/><Property Name="reverseScale" Type="Edm.String" Nullable="false" sap:required="false" sap:creatable="false" sap:updatable="false"
					sap:upsertable="false" sap:visible="true" sap:sortable="false" sap:filterable="false" sap:label="Reverse Scale"/><Property Name="sfstd_jobReqType" Type="Edm.String" Nullable="false" sap:required="false" sap:creatable="false" sap:updatable="false"
					sap:upsertable="false" sap:visible="true" sap:sortable="true" sap:filterable="true"
					sap:field-control="jobReqPermissionsNav/sfstd_jobReqType" sap:label="Requisition Type"/><Property Name="statusSetId" Type="Edm.Int64" Nullable="false" sap:required="true" sap:creatable="true" sap:updatable="true"
					sap:upsertable="true" sap:visible="true" sap:sortable="true" sap:filterable="true" sap:label="Application Status Set Id"/><Property Name="templateId" Type="Edm.Int64" Nullable="false" sap:required="true" sap:creatable="true" sap:updatable="false"
					sap:upsertable="true" sap:visible="true" sap:sortable="true" sap:filterable="true" sap:label="Template Id"/><Property Name="templateName" Type="Edm.String" Nullable="false" sap:required="false" sap:creatable="false" sap:updatable="false"
					sap:upsertable="false" sap:visible="true" sap:sortable="true" sap:filterable="true" sap:label="Template Name"/><Property Name="templateType" Type="Edm.String" Nullable="false" sap:required="false" sap:creatable="false" sap:updatable="false"
					sap:upsertable="false" sap:visible="true" sap:sortable="true" sap:filterable="true" sap:label="Template Type"/><Property Name="timeToFill" Type="Edm.Double" Nullable="false" sap:required="false" sap:creatable="false" sap:updatable="false"
					sap:upsertable="false" sap:visible="true" sap:sortable="false" sap:filterable="false" sap:label="Time to Fill"/></EntityType>
		</Schema>
	</edmx:DataServices>
</edmx:Edmx>